surname,name,middle_name,organization,work_phone,personal_phone
Васечкин,Петр,Федорович,Газпром,79836158541,79563132666
Федоров,Дмитрий,Семенович,Яндекс,79678893097,79668545744
Федоров,Василий,Васильевич,Яндекс,79850005435,79380927477
Васечкин,Дмитрий,Васильевич,Тинькофф,79667546006,79654723679
Петров,Илья,Петрович,Газпром,79455605886,79166353898
Васечкин,Василий,Васильевич,Сбер,79481353313,79683154341
Петров,Семен,Дмитриевич,Газпром,79366867924,79864709608
Сидоров,Сергей,Семенович,Тинькофф,79479033794,79936297303
Петров,Дмитрий,Иванович,Сбер,79844212363,79938774031
Тарасов,Василий,Федорович,Сбер,79380654303,79311596061
Васечкин,Василий,Сергеевич,Сбер,79694802741,79861421441
Петров,Петр,Ильич,Сбер,79488671843,79824754319
Петров,Дмитрий,Петрович,Тинькофф,79422158943,79280361759
Васечкин,Петр,Сергеевич,Сбер,79900624592,79061992045
Васечкин,Дмитрий,Федорович,Сбер,79657028382,79096497789
Иванов,Петр,Дмитриевич,Яндекс,79000651902,79378346910
Иванов,Илья,Федорович,Тинькофф,79909626094,79293963714
Тарасов,Семен,Ильич,Сбер,79573587715,79526461404
Иванов,Петр,Сергеевич,Газпром,79806564049,79761585362
Петров,Василий,Федорович,Газпром,79948728925,79210675893
Петров,Дмитрий,Петрович,Яндекс,79279465071,79658085788
Круглов,Василий,Ильич,Тинькофф,79663039699,79978260369
Иванов,Василий,Ильич,Яндекс,79047805464,79102667074
Тарасов,Семен,Дмитриевич,Газпром,79972403699,79638929099
Федоров,Федор,Семенович,Газпром,79627474679,79715917085
Смирнов,Семен,Федорович,Тинькофф,79761939948,79467194052
Тарасов,Семен,Сергеевич,Сбер,79236882657,79349577331
Иванов,Дмитрий,Дмитриевич,Сбер,79576627103,79594800452
Тарасов,Василий,Дмитриевич,Яндекс,79813172629,79403339463
Петров,Федор,Сергеевич,Яндекс,79138099085,79224407367
Круглов,Федор,Федорович,Яндекс,79280851686,79080619970
Смирнов,Илья,Петрович,Газпром,79217906791,79309990649
Иванов,Василий,Семенович,Газпром,79651541915,79871233398
Васечкин,Федор,Дмитриевич,Газпром,79317911479,79937817617
Смирнов,Петр,Федорович,Сбер,79622157096,79993037765
Круглов,Петр,Петрович,Яндекс,79090539173,79424984956
Тарасов,Илья,Федорович,Тинькофф,79642374076,79940623260
Сидоров,Федор,Иванович,Газпром,79991580716,79002462167
Круглов,Семен,Федорович,Тинькофф,79661631204,79638959696
Сидоров,Федор,Федорович,Яндекс,79942755230,79894540908
Федоров,Иван,Дмитриевич,Тинькофф,79776445909,79115346797
Сидоров,Петр,Петрович,Яндекс,79714899677,79806810020
Петров,Петр,Сергеевич,Сбер,79763457141,79680204397
Тарасов,Василий,Дмитриевич,Сбер,79210711761,79209150797
Круглов,Дмитрий,Федорович,Сбер,79243512379,79140095558
Сидоров,Илья,Васильевич,Яндекс,79519862676,79378324677
Сидоров,Сергей,Федорович,Сбер,79259795624,79626197975
Петров,Илья,Семенович,Газпром,79887034286,79128562205
Сидоров,Петр,Ильич,Яндекс,79493044780,79352951926
Федоров,Петр,Дмитриевич,Газпром,79464608104,79528408473
Васечкин,Дмитрий,Сергеевич,Сбер,79754764978,79590193191
Федоров,Илья,Семенович,Газпром,79155199041,79367728132
Иванов,Иван,Семенович,Тинькофф,79946220099,79460433424
Круглов,Семен,Иванович,Яндекс,79197322423,79801486974
Круглов,Илья,Дмитриевич,Тинькофф,79005744535,79485389342
Круглов,Федор,Петрович,Сбер,79114703034,79611001763
Петров,Василий,Сергеевич,Сбер,79142397597,79204008159
Васечкин,Сергей,Ильич,Тинькофф,79925092412,79886219794
Сидоров,Иван,Семенович,Тинькофф,79197207409,79798041574
Петров,Федор,Федорович,Яндекс,79529099351,79048333964
Сидоров,Василий,Дмитриевич,Тинькофф,79095900055,79663560650
Федоров,Иван,Петрович,Яндекс,79099886553,79922434767
Васечкин,Иван,Семенович,Сбер,79754832983,79535127752
Тарасов,Илья,Ильич,Яндекс,79328980446,79976020428
Иванов,Иван,Федорович,Яндекс,79060379587,79460060361
Васечкин,Дмитрий,Иванович,Газпром,79953199028,79026456036
Тарасов,Сергей,Семенович,Сбер,79261897555,79744362992
Иванов,Василий,Федорович,Тинькофф,79845275538,79975440667
Иванов,Василий,Ильич,Яндекс,79542337541,79345127812
Федоров,Иван,Иванович,Сбер,79659911385,79055204825
Смирнов,Илья,Семенович,Сбер,79935157603,79513702120
Васечкин,Федор,Федорович,Газпром,79846907500,79159077062
Васечкин,Сергей,Федорович,Газпром,79142367271,79436351967
Круглов,Федор,Сергеевич,Газпром,79647767791,79672094065
Сидоров,Иван,Васильевич,Тинькофф,79618289832,79650691025
Васечкин,Илья,Ильич,Яндекс,79360497804,79303363460
Васечкин,Петр,Ильич,Яндекс,79748875210,79048374159
Иванов,Илья,Ильич,Газпром,79300064772,79660227199
Федоров,Дмитрий,Сергеевич,Тинькофф,79820079888,79018258572
Федоров,Василий,Иванович,Яндекс,79679604452,79625527907
Васечкин,Иван,Сергеевич,Сбер,79846904840,79275173559
Сидоров,Иван,Семенович,Яндекс,79396310146,79363600202
Петров,Иван,Семенович,Яндекс,79121058672,79613704483
Петров,Илья,Петрович,Сбер,79130587444,79077174354
Круглов,Иван,Васильевич,Сбер,79508736094,79349693330
Федоров,Сергей,Федорович,Сбер,79940227663,79382193431
Тарасов,Илья,Федорович,Газпром,79307094339,79877401199
Федоров,Илья,Сергеевич,Сбер,79454882630,79131295506
Васечкин,Василий,Сергеевич,Тинькофф,79587424020,79163865601
Тарасов,Иван,Иванович,Сбер,79100960766,79409488553
Круглов,Василий,Иванович,Тинькофф,79957668067,79797363752
Тарасов,Сергей,Федорович,Яндекс,79095577049,79192700896
Круглов,Дмитрий,Семенович,Газпром,79595341838,79099220440
Иванов,Сергей,Федорович,Тинькофф,79185901180,79548292096
Смирнов,Дмитрий,Сергеевич,Газпром,79924779361,79239073843
Петров,Иван,Васильевич,Тинькофф,79318859586,79256936129
Федоров,Петр,Петрович,Тинькофф,79959994704,79021096476
Федоров,Иван,Федорович,Сбер,79621217566,79715251363
Смирнов,Сергей,Васильевич,Яндекс,79721732568,79384643323
Иванов,Сергей,Васильевич,Сбер,79756710470,79599560407
